workload,warmup,backend,artifact_sha256,run,open_ns,backend_setup_ns,prepare_ns,shutdown_ns,analysis_ns,render_ns,total_ns,runtime_validation_ns,reference_decode_ns,helper_startup_ns,lift_and_protocol_ns,projection_ns,decoded,edges,slice,obligations,output_bytes
stage-b-linux,True,llvm,7e71f4926e615789815299b98e3c3c725180ed4dce4065937fa533beb1018824,0,173076,2259,66340473,72,244634,3525485,70285999,0,0,0,0,0,4,3,2,0,139960
stage-b-linux,False,llvm,7e71f4926e615789815299b98e3c3c725180ed4dce4065937fa533beb1018824,1,66310,1080,68046590,81,209418,3074701,71398180,0,0,0,0,0,4,3,2,0,139960
stage-b-linux,False,llvm,7e71f4926e615789815299b98e3c3c725180ed4dce4065937fa533beb1018824,2,60164,1017,65272100,81,204207,3188918,68726487,0,0,0,0,0,4,3,2,0,139960
stage-b-linux,False,llvm,7e71f4926e615789815299b98e3c3c725180ed4dce4065937fa533beb1018824,3,67535,1035,67490466,63,230765,3145260,70935124,0,0,0,0,0,4,3,2,0,139960
stage-b-linux,False,llvm,7e71f4926e615789815299b98e3c3c725180ed4dce4065937fa533beb1018824,4,64844,954,78015613,63,204638,3152100,81438212,0,0,0,0,0,4,3,2,0,139960
stage-b-linux,False,llvm,7e71f4926e615789815299b98e3c3c725180ed4dce4065937fa533beb1018824,5,59210,1125,69870427,243,262085,3467085,73660175,0,0,0,0,0,4,3,2,0,139960
stage-b-linux,True,bap,7e71f4926e615789815299b98e3c3c725180ed4dce4065937fa533beb1018824,0,93112,269469861,444136487,20149917,199113,2964065,737012555,269459718,71648284,369933564,2083956,355099,4,3,2,0,145416
stage-b-linux,False,bap,7e71f4926e615789815299b98e3c3c725180ed4dce4065937fa533beb1018824,1,64997,245630427,430876575,20137734,207491,3012098,699929322,245627655,71837473,356695971,1942107,286663,4,3,2,0,145416
stage-b-linux,False,bap,7e71f4926e615789815299b98e3c3c725180ed4dce4065937fa533beb1018824,2,63197,249261505,443210319,20135360,208058,2988077,715866516,249259021,70143000,370572244,2009370,366160,4,3,2,0,145416
stage-b-linux,False,bap,7e71f4926e615789815299b98e3c3c725180ed4dce4065937fa533beb1018824,3,54323,245357848,431544325,20152144,208787,3002657,700320084,245355013,71036476,358151157,1961273,281615,4,3,2,0,145416
stage-b-linux,False,bap,7e71f4926e615789815299b98e3c3c725180ed4dce4065937fa533beb1018824,4,68201,246731180,449683467,20177585,271768,3083646,720015847,246728912,70443637,376767704,2009164,355575,4,3,2,0,145416
stage-b-linux,False,bap,7e71f4926e615789815299b98e3c3c725180ed4dce4065937fa533beb1018824,5,66176,245315368,446691824,20175669,248144,3080550,715577731,245312677,73326530,370422672,2422431,395193,4,3,2,0,145416
stage-b-windows,True,llvm,f3a0407bff881356c0128e7587c03ea9f143dbd5fee59abbe8fc5edb75ad30bf,0,125269,2871,64152292,81,245696,3541459,68067668,0,0,0,0,0,4,3,2,0,140056
stage-b-windows,False,llvm,f3a0407bff881356c0128e7587c03ea9f143dbd5fee59abbe8fc5edb75ad30bf,1,61540,936,68074886,63,212882,2922747,71273054,0,0,0,0,0,4,3,2,0,140056
stage-b-windows,False,llvm,f3a0407bff881356c0128e7587c03ea9f143dbd5fee59abbe8fc5edb75ad30bf,2,60200,1260,67660667,171,217752,2800970,70741020,0,0,0,0,0,4,3,2,0,140056
stage-b-windows,False,llvm,f3a0407bff881356c0128e7587c03ea9f143dbd5fee59abbe8fc5edb75ad30bf,3,52973,936,62650957,477,252356,3337387,66295086,0,0,0,0,0,4,3,2,0,140056
stage-b-windows,False,llvm,f3a0407bff881356c0128e7587c03ea9f143dbd5fee59abbe8fc5edb75ad30bf,4,70622,1269,66197625,72,199778,3108557,69577923,0,0,0,0,0,4,3,2,0,140056
stage-b-windows,False,llvm,f3a0407bff881356c0128e7587c03ea9f143dbd5fee59abbe8fc5edb75ad30bf,5,77957,1242,69634170,225,253418,3092672,73059684,0,0,0,0,0,4,3,2,0,140056
stage-b-windows,True,bap,f3a0407bff881356c0128e7587c03ea9f143dbd5fee59abbe8fc5edb75ad30bf,0,96902,256954402,446258947,20161116,211325,2745261,726427953,256944925,69273896,374505678,2075389,296104,4,3,2,0,145512
stage-b-windows,False,bap,f3a0407bff881356c0128e7587c03ea9f143dbd5fee59abbe8fc5edb75ad30bf,1,67859,241793591,438585938,20179017,212405,2719035,703557845,241791143,66191735,370570564,1430995,292928,4,3,2,0,145512
stage-b-windows,False,bap,f3a0407bff881356c0128e7587c03ea9f143dbd5fee59abbe8fc5edb75ad30bf,2,81880,252513233,462781089,20166717,231801,2926590,738701310,252510110,68060498,392237698,2037517,325246,4,3,2,0,145512
stage-b-windows,False,bap,f3a0407bff881356c0128e7587c03ea9f143dbd5fee59abbe8fc5edb75ad30bf,3,85480,254909698,441330123,20191500,338341,3078065,719933207,254907106,66048680,373219030,1687570,281542,4,3,2,0,145512
stage-b-windows,False,bap,f3a0407bff881356c0128e7587c03ea9f143dbd5fee59abbe8fc5edb75ad30bf,4,72872,252298974,455405687,20140732,225743,2928966,731072974,252296751,67636513,385482450,1849556,337224,4,3,2,0,145512
stage-b-windows,False,bap,f3a0407bff881356c0128e7587c03ea9f143dbd5fee59abbe8fc5edb75ad30bf,5,70154,257466897,469483916,20220669,303898,3228715,750774249,257464224,71324470,395541287,2068763,425387,4,3,2,0,145512
controlled-not,True,llvm,eca38ca3ef5abf5e3dde9ecc8c64463b476cdbe82fa370c4fa1cae8f2ca743c5,0,91556,1935,35397373,117,119185,1319918,36930084,0,0,0,0,0,1,1,0,1,43990
controlled-not,False,llvm,eca38ca3ef5abf5e3dde9ecc8c64463b476cdbe82fa370c4fa1cae8f2ca743c5,1,67742,1296,36602631,72,55295,889897,37616933,0,0,0,0,0,1,1,0,1,43990
controlled-not,False,llvm,eca38ca3ef5abf5e3dde9ecc8c64463b476cdbe82fa370c4fa1cae8f2ca743c5,2,62432,1233,34707371,72,86489,1054531,35912128,0,0,0,0,0,1,1,0,1,43990
controlled-not,False,llvm,eca38ca3ef5abf5e3dde9ecc8c64463b476cdbe82fa370c4fa1cae8f2ca743c5,3,88738,2394,39106803,54,75464,972290,40245743,0,0,0,0,0,1,1,0,1,43990
controlled-not,False,llvm,eca38ca3ef5abf5e3dde9ecc8c64463b476cdbe82fa370c4fa1cae8f2ca743c5,4,64745,1305,35097954,72,60515,949592,36174183,0,0,0,0,0,1,1,0,1,43990
controlled-not,False,llvm,eca38ca3ef5abf5e3dde9ecc8c64463b476cdbe82fa370c4fa1cae8f2ca743c5,5,110680,2061,36269599,72,103526,1014607,37500545,0,0,0,0,0,1,1,0,1,43990
controlled-not,True,bap,eca38ca3ef5abf5e3dde9ecc8c64463b476cdbe82fa370c4fa1cae8f2ca743c5,0,96785,285659370,458247382,20214288,265514,3515279,767998618,285650820,66580447,389143773,2159045,259367,4,3,3,0,144581
controlled-not,False,bap,eca38ca3ef5abf5e3dde9ecc8c64463b476cdbe82fa370c4fa1cae8f2ca743c5,1,119626,256716531,434400184,20184822,316174,3401207,715138544,256713777,64207320,367705839,2107266,281291,4,3,3,0,144581
controlled-not,False,bap,eca38ca3ef5abf5e3dde9ecc8c64463b476cdbe82fa370c4fa1cae8f2ca743c5,2,95758,250896220,437145547,20163619,241700,3268782,711811626,250893700,68426880,366828122,1527184,265253,4,3,3,0,144581
controlled-not,False,bap,eca38ca3ef5abf5e3dde9ecc8c64463b476cdbe82fa370c4fa1cae8f2ca743c5,3,65249,246816235,457858534,20176414,235328,3013996,728165756,246814183,69910479,385496511,2056476,282902,4,3,3,0,144581
controlled-not,False,bap,eca38ca3ef5abf5e3dde9ecc8c64463b476cdbe82fa370c4fa1cae8f2ca743c5,4,73835,247862796,445154288,20198789,243617,2989589,716522914,247860231,72312721,370499049,1959089,280876,4,3,3,0,144581
controlled-not,False,bap,eca38ca3ef5abf5e3dde9ecc8c64463b476cdbe82fa370c4fa1cae8f2ca743c5,5,76156,244810819,437147075,20145315,200669,2970069,705350103,244808146,68519879,366367110,1859647,282083,4,3,3,0,144581
real-linux-34,True,llvm,31481f3f080b0b165cc0d0c70f555f127f882556b34129055e80b082225a45c9,0,742640,2691,448574233,72,10195085,131418966,590933687,0,0,0,0,0,34,45,28,1,4221506
real-linux-34,False,llvm,31481f3f080b0b165cc0d0c70f555f127f882556b34129055e80b082225a45c9,1,413372,1179,458660418,72,8230482,123946358,591251881,0,0,0,0,0,34,45,28,1,4221506
real-linux-34,False,llvm,31481f3f080b0b165cc0d0c70f555f127f882556b34129055e80b082225a45c9,2,348114,1620,459614295,90,8343806,138882594,607190519,0,0,0,0,0,34,45,28,1,4221506
real-linux-34,False,llvm,31481f3f080b0b165cc0d0c70f555f127f882556b34129055e80b082225a45c9,3,361371,2754,454078409,81,8187875,121164982,583795472,0,0,0,0,0,34,45,28,1,4221506
real-linux-34,False,llvm,31481f3f080b0b165cc0d0c70f555f127f882556b34129055e80b082225a45c9,4,329899,1323,463738056,72,8260910,125885313,598215573,0,0,0,0,0,34,45,28,1,4221506
real-linux-34,False,llvm,31481f3f080b0b165cc0d0c70f555f127f882556b34129055e80b082225a45c9,5,347097,1350,451713399,81,8904668,125209911,586176506,0,0,0,0,0,34,45,28,1,4221506
real-linux-34,True,bap,31481f3f080b0b165cc0d0c70f555f127f882556b34129055e80b082225a45c9,0,682368,296750274,907988508,20159972,8401164,114069625,1348051911,296740266,482338941,406693812,15393845,2872638,34,45,28,1,4268165
real-linux-34,False,bap,31481f3f080b0b165cc0d0c70f555f127f882556b34129055e80b082225a45c9,1,427448,258523092,824736421,20248451,8509568,108802222,1221247202,258520041,446305959,361409698,13512001,2740083,34,45,28,1,4268165
real-linux-34,False,bap,31481f3f080b0b165cc0d0c70f555f127f882556b34129055e80b082225a45c9,2,360021,243444125,811710176,20153062,8118380,105580091,1189365855,243439994,438332689,358354134,11582512,2844286,34,45,28,1,4268165
real-linux-34,False,bap,31481f3f080b0b165cc0d0c70f555f127f882556b34129055e80b082225a45c9,3,332122,241931161,818574110,20144179,8275507,108203692,1197460771,241928002,441725118,360209685,13025443,2930103,34,45,28,1,4268165
real-linux-34,False,bap,31481f3f080b0b165cc0d0c70f555f127f882556b34129055e80b082225a45c9,4,326227,247744323,824322422,20165191,8242659,115721255,1216522077,247740696,437716905,368906801,14058403,2982244,34,45,28,1,4268165
real-linux-34,False,bap,31481f3f080b0b165cc0d0c70f555f127f882556b34129055e80b082225a45c9,5,367230,258123649,871451674,20176121,8983444,117533261,1276635379,258120049,472970232,379150600,15705683,2934553,34,45,28,1,4268165
