workload,n,run,elapsed_ns,allocations,allocated_bytes,actions,incoming_evaluations,edge_scans,transfer_evaluations,max_reaching_at_site,total_reaching,decoded,edges,slice,obligations
linear,128,0,2409433,5698,536024,266,128,127,127,17,2176,128,127,8,0
linear,128,1,2179971,5698,536024,266,128,127,127,17,2176,128,127,8,0
linear,128,2,2283133,5698,536024,266,128,127,127,17,2176,128,127,8,0
linear,128,3,2721759,5698,536024,266,128,127,127,17,2176,128,127,8,0
linear,128,4,2395913,5698,536024,266,128,127,127,17,2176,128,127,8,0
loops,128,0,22325226,48894,2522935,714,604,658,658,123,5963,128,134,8,0
loops,128,1,22333529,48894,2522935,714,604,658,658,123,5963,128,134,8,0
loops,128,2,22080045,48894,2522935,714,604,658,658,123,5963,128,134,8,0
loops,128,3,20592339,48894,2522935,714,604,658,658,123,5963,128,134,8,0
loops,128,4,20534575,48894,2522935,714,604,658,658,123,5963,128,134,8,0
joins,128,0,3430588,11344,859604,266,128,159,159,49,4224,128,159,8,0
joins,128,1,4501466,11344,859604,266,128,159,159,49,4224,128,159,8,0
joins,128,2,3606011,11344,859604,266,128,159,159,49,4224,128,159,8,0
joins,128,3,3293252,11344,859604,266,128,159,159,49,4224,128,159,8,0
joins,128,4,3226497,11344,859604,266,128,159,159,49,4224,128,159,8,0
calls,128,0,2036406,5708,542744,266,128,127,127,17,2176,128,143,8,16
calls,128,1,1937584,5708,542744,266,128,127,127,17,2176,128,143,8,16
calls,128,2,2100518,5708,542744,266,128,127,127,17,2176,128,143,8,16
calls,128,3,2293142,5708,542744,266,128,127,127,17,2176,128,143,8,16
calls,128,4,1910206,5708,542744,266,128,127,127,17,2176,128,143,8,16
dense,128,0,21595998,58091,4553480,260,128,127,127,256,24640,128,127,128,0
dense,128,1,22133164,58091,4553480,260,128,127,127,256,24640,128,127,128,0
dense,128,2,22504704,58091,4553480,260,128,127,127,256,24640,128,127,128,0
dense,128,3,26677636,58091,4553480,260,128,127,127,256,24640,128,127,128,0
dense,128,4,22085596,58091,4553480,260,128,127,127,256,24640,128,127,128,0
linear,256,0,9216418,11420,1084440,530,256,255,255,17,4352,256,255,16,0
linear,256,1,7499683,11420,1084440,530,256,255,255,17,4352,256,255,16,0
linear,256,2,7511614,11420,1084440,530,256,255,255,17,4352,256,255,16,0
linear,256,3,7558694,11420,1084440,530,256,255,255,17,4352,256,255,16,0
linear,256,4,8365406,11420,1084440,530,256,255,255,17,4352,256,255,16,0
loops,256,0,264089989,295668,13846235,2450,2296,2534,2534,243,20567,256,270,16,0
loops,256,1,357108792,295668,13846235,2450,2296,2534,2534,243,20567,256,270,16,0
loops,256,2,260976940,295668,13846235,2450,2296,2534,2534,243,20567,256,270,16,0
loops,256,3,248287984,295668,13846235,2450,2296,2534,2534,243,20567,256,270,16,0
loops,256,4,240559924,295668,13846235,2450,2296,2534,2534,243,20567,256,270,16,0
joins,256,0,18924022,32827,2305576,530,256,319,319,81,12544,256,319,16,0
joins,256,1,18972562,32827,2305576,530,256,319,319,81,12544,256,319,16,0
joins,256,2,20072915,32827,2305576,530,256,319,319,81,12544,256,319,16,0
joins,256,3,18809735,32827,2305576,530,256,319,319,81,12544,256,319,16,0
joins,256,4,17537926,32827,2305576,530,256,319,319,81,12544,256,319,16,0
calls,256,0,8559549,11437,1092960,530,256,255,255,17,4352,256,287,16,32
calls,256,1,8535109,11437,1092960,530,256,255,255,17,4352,256,287,16,32
calls,256,2,8681603,11437,1092960,530,256,255,255,17,4352,256,287,16,32
calls,256,3,8713298,11437,1092960,530,256,255,255,17,4352,256,287,16,32
calls,256,4,8616279,11437,1092960,530,256,255,255,17,4352,256,287,16,32
dense,256,0,115574257,154275,12334624,516,256,255,255,384,65664,256,255,256,0
dense,256,1,114695217,154275,12334624,516,256,255,255,384,65664,256,255,256,0
dense,256,2,127399283,154275,12334624,516,256,255,255,384,65664,256,255,256,0
dense,256,3,119932387,154275,12334624,516,256,255,255,384,65664,256,255,256,0
dense,256,4,131544378,154275,12334624,516,256,255,255,384,65664,256,255,256,0
linear,512,0,49575212,22892,2185232,1058,512,511,511,17,8704,512,511,32,0
linear,512,1,49657373,22892,2185232,1058,512,511,511,17,8704,512,511,32,0
linear,512,2,47118894,22892,2185232,1058,512,511,511,17,8704,512,511,32,0
linear,512,3,48484859,22892,2185232,1058,512,511,511,17,8704,512,511,32,0
linear,512,4,50355110,22892,2185232,1058,512,511,511,17,8704,512,511,32,0
loops,512,0,6376284199,2018183,90418507,8994,8944,9934,9934,483,75695,512,542,32,0
loops,512,1,5636162352,2018183,90418507,8994,8944,9934,9934,483,75695,512,542,32,0
loops,512,2,5293928821,2018183,90418507,8994,8944,9934,9934,483,75695,512,542,32,0
loops,512,3,5164863640,2018183,90418507,8994,8944,9934,9934,483,75695,512,542,32,0
loops,512,4,4685871466,2018183,90418507,8994,8944,9934,9934,483,75695,512,542,32,0
joins,512,0,237620805,107168,7470160,1058,512,639,639,145,41472,512,639,32,0
joins,512,1,193424808,107168,7470160,1058,512,639,639,145,41472,512,639,32,0
joins,512,2,175361061,107168,7470160,1058,512,639,639,145,41472,512,639,32,0
joins,512,3,162255042,107168,7470160,1058,512,639,639,145,41472,512,639,32,0
joins,512,4,184569651,107168,7470160,1058,512,639,639,145,41472,512,639,32,0
calls,512,0,46638728,22922,2193136,1058,512,511,511,17,8704,512,575,32,64
calls,512,1,41020071,22922,2193136,1058,512,511,511,17,8704,512,575,32,64
calls,512,2,51538175,22922,2193136,1058,512,511,511,17,8704,512,575,32,64
calls,512,3,42297627,22922,2193136,1058,512,511,511,17,8704,512,575,32,64
calls,512,4,47064473,22922,2193136,1058,512,511,511,17,8704,512,575,32,64
dense,512,0,844215206,461057,37609712,1028,512,511,511,640,196864,512,511,512,0
dense,512,1,774243511,461057,37609712,1028,512,511,511,640,196864,512,511,512,0
dense,512,2,749435833,461057,37609712,1028,512,511,511,640,196864,512,511,512,0
dense,512,3,744880322,461057,37609712,1028,512,511,511,640,196864,512,511,512,0
dense,512,4,749899620,461057,37609712,1028,512,511,511,640,196864,512,511,512,0
