workload,backend,run,warmup,elapsed_ms,peak_rss_kib,decoded,edges,slice,obligations
stage-b-linux,llvm,0,True,105.903393,53952,4,3,2,0
stage-b-linux,llvm,1,False,101.553984,53952,4,3,2,0
stage-b-linux,llvm,2,False,98.519609,53952,4,3,2,0
stage-b-linux,llvm,3,False,107.268816,53952,4,3,2,0
stage-b-linux,llvm,4,False,98.022887,53952,4,3,2,0
stage-b-linux,llvm,5,False,102.705108,53952,4,3,2,0
stage-b-linux,bap,0,True,793.327696,83808,4,3,2,0
stage-b-linux,bap,1,False,761.458667,83460,4,3,2,0
stage-b-linux,bap,2,False,767.445092,83616,4,3,2,0
stage-b-linux,bap,3,False,764.523502,83616,4,3,2,0
stage-b-linux,bap,4,False,734.994416,83616,4,3,2,0
stage-b-linux,bap,5,False,758.075768,83812,4,3,2,0
stage-b-windows,llvm,0,True,99.432319,53952,4,3,2,0
stage-b-windows,llvm,1,False,99.273986,53952,4,3,2,0
stage-b-windows,llvm,2,False,87.991548,53952,4,3,2,0
stage-b-windows,llvm,3,False,83.432584,53952,4,3,2,0
stage-b-windows,llvm,4,False,87.895672,53952,4,3,2,0
stage-b-windows,llvm,5,False,80.356641,53952,4,3,2,0
stage-b-windows,bap,0,True,777.689009,83808,4,3,2,0
stage-b-windows,bap,1,False,784.563961,83612,4,3,2,0
stage-b-windows,bap,2,False,762.191485,83616,4,3,2,0
stage-b-windows,bap,3,False,778.390926,83812,4,3,2,0
stage-b-windows,bap,4,False,735.138656,83616,4,3,2,0
stage-b-windows,bap,5,False,759.196806,83808,4,3,2,0
controlled-not,llvm,0,True,52.964242,53952,1,1,0,1
controlled-not,llvm,1,False,47.206436,53952,1,1,0,1
controlled-not,llvm,2,False,48.104225,53952,1,1,0,1
controlled-not,llvm,3,False,46.60004,53952,1,1,0,1
controlled-not,llvm,4,False,46.830656,53952,1,1,0,1
controlled-not,llvm,5,False,45.840826,53952,1,1,0,1
controlled-not,bap,0,True,810.670543,83808,4,3,3,0
controlled-not,bap,1,False,782.138737,83792,4,3,3,0
controlled-not,bap,2,False,802.125397,83800,4,3,3,0
controlled-not,bap,3,False,761.91772,83612,4,3,3,0
controlled-not,bap,4,False,771.023797,83620,4,3,3,0
controlled-not,bap,5,False,765.156781,83608,4,3,3,0
real-linux-34,llvm,0,True,663.958088,54144,34,45,28,1
real-linux-34,llvm,1,False,651.493551,54144,34,45,28,1
real-linux-34,llvm,2,False,657.054691,53952,34,45,28,1
real-linux-34,llvm,3,False,657.733889,54144,34,45,28,1
real-linux-34,llvm,4,False,625.544683,53952,34,45,28,1
real-linux-34,llvm,5,False,649.99305,54144,34,45,28,1
real-linux-34,bap,0,True,1285.162941,83888,34,45,28,1
real-linux-34,bap,1,False,1302.453206,83888,34,45,28,1
real-linux-34,bap,2,False,1286.292635,83892,34,45,28,1
real-linux-34,bap,3,False,1284.461594,83884,34,45,28,1
real-linux-34,bap,4,False,1296.251449,83888,34,45,28,1
real-linux-34,bap,5,False,1351.05522,84080,34,45,28,1
