workload,mode,run,warmup,elapsed_ms,peak_rss_kib,artifact_sha256
stage-b-linux,base,0,True,856.949117,82820,7e71f4926e615789815299b98e3c3c725180ed4dce4065937fa533beb1018824
stage-b-linux,base,1,False,357.815265,82788,7e71f4926e615789815299b98e3c3c725180ed4dce4065937fa533beb1018824
stage-b-linux,base,2,False,349.793695,82968,7e71f4926e615789815299b98e3c3c725180ed4dce4065937fa533beb1018824
stage-b-linux,base,3,False,368.256205,82760,7e71f4926e615789815299b98e3c3c725180ed4dce4065937fa533beb1018824
stage-b-linux,base,4,False,354.954491,82860,7e71f4926e615789815299b98e3c3c725180ed4dce4065937fa533beb1018824
stage-b-linux,base,5,False,371.618794,82976,7e71f4926e615789815299b98e3c3c725180ed4dce4065937fa533beb1018824
stage-b-linux,explanation,0,True,388.682292,83012,7e71f4926e615789815299b98e3c3c725180ed4dce4065937fa533beb1018824
stage-b-linux,explanation,1,False,373.186581,82896,7e71f4926e615789815299b98e3c3c725180ed4dce4065937fa533beb1018824
stage-b-linux,explanation,2,False,388.957394,82796,7e71f4926e615789815299b98e3c3c725180ed4dce4065937fa533beb1018824
stage-b-linux,explanation,3,False,373.25023,83016,7e71f4926e615789815299b98e3c3c725180ed4dce4065937fa533beb1018824
stage-b-linux,explanation,4,False,363.262464,83004,7e71f4926e615789815299b98e3c3c725180ed4dce4065937fa533beb1018824
stage-b-linux,explanation,5,False,375.157377,82828,7e71f4926e615789815299b98e3c3c725180ed4dce4065937fa533beb1018824
stage-b-windows,base,0,True,379.281929,82676,f3a0407bff881356c0128e7587c03ea9f143dbd5fee59abbe8fc5edb75ad30bf
stage-b-windows,base,1,False,381.842301,82776,f3a0407bff881356c0128e7587c03ea9f143dbd5fee59abbe8fc5edb75ad30bf
stage-b-windows,base,2,False,372.066752,82824,f3a0407bff881356c0128e7587c03ea9f143dbd5fee59abbe8fc5edb75ad30bf
stage-b-windows,base,3,False,377.941058,82804,f3a0407bff881356c0128e7587c03ea9f143dbd5fee59abbe8fc5edb75ad30bf
stage-b-windows,base,4,False,396.158068,82636,f3a0407bff881356c0128e7587c03ea9f143dbd5fee59abbe8fc5edb75ad30bf
stage-b-windows,base,5,False,385.241228,82968,f3a0407bff881356c0128e7587c03ea9f143dbd5fee59abbe8fc5edb75ad30bf
stage-b-windows,explanation,0,True,408.091357,82944,f3a0407bff881356c0128e7587c03ea9f143dbd5fee59abbe8fc5edb75ad30bf
stage-b-windows,explanation,1,False,414.497394,82792,f3a0407bff881356c0128e7587c03ea9f143dbd5fee59abbe8fc5edb75ad30bf
stage-b-windows,explanation,2,False,405.153974,82864,f3a0407bff881356c0128e7587c03ea9f143dbd5fee59abbe8fc5edb75ad30bf
stage-b-windows,explanation,3,False,391.852293,82752,f3a0407bff881356c0128e7587c03ea9f143dbd5fee59abbe8fc5edb75ad30bf
stage-b-windows,explanation,4,False,390.757773,82944,f3a0407bff881356c0128e7587c03ea9f143dbd5fee59abbe8fc5edb75ad30bf
stage-b-windows,explanation,5,False,376.276293,82856,f3a0407bff881356c0128e7587c03ea9f143dbd5fee59abbe8fc5edb75ad30bf
not-chain,base,0,True,365.753831,82800,eca38ca3ef5abf5e3dde9ecc8c64463b476cdbe82fa370c4fa1cae8f2ca743c5
not-chain,base,1,False,379.100696,82976,eca38ca3ef5abf5e3dde9ecc8c64463b476cdbe82fa370c4fa1cae8f2ca743c5
not-chain,base,2,False,389.881506,82972,eca38ca3ef5abf5e3dde9ecc8c64463b476cdbe82fa370c4fa1cae8f2ca743c5
not-chain,base,3,False,374.4828,82972,eca38ca3ef5abf5e3dde9ecc8c64463b476cdbe82fa370c4fa1cae8f2ca743c5
not-chain,base,4,False,376.300767,82976,eca38ca3ef5abf5e3dde9ecc8c64463b476cdbe82fa370c4fa1cae8f2ca743c5
not-chain,base,5,False,365.423932,82816,eca38ca3ef5abf5e3dde9ecc8c64463b476cdbe82fa370c4fa1cae8f2ca743c5
not-chain,explanation,0,True,368.60489,83020,eca38ca3ef5abf5e3dde9ecc8c64463b476cdbe82fa370c4fa1cae8f2ca743c5
not-chain,explanation,1,False,376.628846,82952,eca38ca3ef5abf5e3dde9ecc8c64463b476cdbe82fa370c4fa1cae8f2ca743c5
not-chain,explanation,2,False,413.80599,82776,eca38ca3ef5abf5e3dde9ecc8c64463b476cdbe82fa370c4fa1cae8f2ca743c5
not-chain,explanation,3,False,389.858511,82496,eca38ca3ef5abf5e3dde9ecc8c64463b476cdbe82fa370c4fa1cae8f2ca743c5
not-chain,explanation,4,False,377.816522,82800,eca38ca3ef5abf5e3dde9ecc8c64463b476cdbe82fa370c4fa1cae8f2ca743c5
not-chain,explanation,5,False,377.280075,82596,eca38ca3ef5abf5e3dde9ecc8c64463b476cdbe82fa370c4fa1cae8f2ca743c5
real-linux,base,0,True,879.098113,83008,31481f3f080b0b165cc0d0c70f555f127f882556b34129055e80b082225a45c9
real-linux,base,1,False,898.785375,82796,31481f3f080b0b165cc0d0c70f555f127f882556b34129055e80b082225a45c9
real-linux,base,2,False,870.430237,82980,31481f3f080b0b165cc0d0c70f555f127f882556b34129055e80b082225a45c9
real-linux,base,3,False,866.575569,82976,31481f3f080b0b165cc0d0c70f555f127f882556b34129055e80b082225a45c9
real-linux,base,4,False,916.077476,83000,31481f3f080b0b165cc0d0c70f555f127f882556b34129055e80b082225a45c9
real-linux,base,5,False,860.293726,82800,31481f3f080b0b165cc0d0c70f555f127f882556b34129055e80b082225a45c9
real-linux,explanation,0,True,1048.179765,82800,31481f3f080b0b165cc0d0c70f555f127f882556b34129055e80b082225a45c9
real-linux,explanation,1,False,1074.778955,82912,31481f3f080b0b165cc0d0c70f555f127f882556b34129055e80b082225a45c9
real-linux,explanation,2,False,1066.98029,82892,31481f3f080b0b165cc0d0c70f555f127f882556b34129055e80b082225a45c9
real-linux,explanation,3,False,1073.898269,82972,31481f3f080b0b165cc0d0c70f555f127f882556b34129055e80b082225a45c9
real-linux,explanation,4,False,1089.642614,82728,31481f3f080b0b165cc0d0c70f555f127f882556b34129055e80b082225a45c9
real-linux,explanation,5,False,1101.436437,82828,31481f3f080b0b165cc0d0c70f555f127f882556b34129055e80b082225a45c9
real-windows-98,base,0,True,1611.543945,83192,1bd80af7a739471a7026776bfb37cbbe5953d01ad122e7cf7db0392f84da0b0a
real-windows-98,base,1,False,1600.866428,83184,1bd80af7a739471a7026776bfb37cbbe5953d01ad122e7cf7db0392f84da0b0a
real-windows-98,base,2,False,1619.989407,83412,1bd80af7a739471a7026776bfb37cbbe5953d01ad122e7cf7db0392f84da0b0a
real-windows-98,base,3,False,1584.769418,83380,1bd80af7a739471a7026776bfb37cbbe5953d01ad122e7cf7db0392f84da0b0a
real-windows-98,base,4,False,1640.566086,83336,1bd80af7a739471a7026776bfb37cbbe5953d01ad122e7cf7db0392f84da0b0a
real-windows-98,base,5,False,1559.669376,83352,1bd80af7a739471a7026776bfb37cbbe5953d01ad122e7cf7db0392f84da0b0a
real-windows-98,explanation,0,True,1671.475348,83316,1bd80af7a739471a7026776bfb37cbbe5953d01ad122e7cf7db0392f84da0b0a
real-windows-98,explanation,1,False,1688.91476,83188,1bd80af7a739471a7026776bfb37cbbe5953d01ad122e7cf7db0392f84da0b0a
real-windows-98,explanation,2,False,1706.412283,83060,1bd80af7a739471a7026776bfb37cbbe5953d01ad122e7cf7db0392f84da0b0a
real-windows-98,explanation,3,False,1650.545487,83236,1bd80af7a739471a7026776bfb37cbbe5953d01ad122e7cf7db0392f84da0b0a
real-windows-98,explanation,4,False,1727.444846,83352,1bd80af7a739471a7026776bfb37cbbe5953d01ad122e7cf7db0392f84da0b0a
real-windows-98,explanation,5,False,1692.696108,83364,1bd80af7a739471a7026776bfb37cbbe5953d01ad122e7cf7db0392f84da0b0a
