workload,warmup,run,artifact_sha256,query_id,prepare_analysis_ns,binding_ns,explanation_ns,render_ns,total_ns,claims,evidence,gaps,output_bytes
stage-b-linux,True,0,7e71f4926e615789815299b98e3c3c725180ed4dce4065937fa533beb1018824,f514123250ee29e1387a3acfff19cb963f3011b6be229e5e33479ab3e82ce81e,305989453,234350,190740,409927,306824470,20,2,1,78347
stage-b-linux,False,1,7e71f4926e615789815299b98e3c3c725180ed4dce4065937fa533beb1018824,f514123250ee29e1387a3acfff19cb963f3011b6be229e5e33479ab3e82ce81e,285521839,143244,170457,382535,286218075,20,2,1,78347
stage-b-linux,False,2,7e71f4926e615789815299b98e3c3c725180ed4dce4065937fa533beb1018824,f514123250ee29e1387a3acfff19cb963f3011b6be229e5e33479ab3e82ce81e,312648909,143140,172721,350983,313315753,20,2,1,78347
stage-b-linux,False,3,7e71f4926e615789815299b98e3c3c725180ed4dce4065937fa533beb1018824,f514123250ee29e1387a3acfff19cb963f3011b6be229e5e33479ab3e82ce81e,283477081,127740,167687,540818,284313326,20,2,1,78347
stage-b-linux,False,4,7e71f4926e615789815299b98e3c3c725180ed4dce4065937fa533beb1018824,f514123250ee29e1387a3acfff19cb963f3011b6be229e5e33479ab3e82ce81e,291861997,129549,169581,363127,292524254,20,2,1,78347
stage-b-linux,False,5,7e71f4926e615789815299b98e3c3c725180ed4dce4065937fa533beb1018824,f514123250ee29e1387a3acfff19cb963f3011b6be229e5e33479ab3e82ce81e,292153589,133775,193937,377290,292858591,20,2,1,78347
stage-b-windows,True,0,f3a0407bff881356c0128e7587c03ea9f143dbd5fee59abbe8fc5edb75ad30bf,e131cd13028304a7e30615a2474839ee4cfa6c597a6fb649d9bc8c93df82c738,292543023,183300,181671,370191,293278185,20,2,1,78935
stage-b-windows,False,1,f3a0407bff881356c0128e7587c03ea9f143dbd5fee59abbe8fc5edb75ad30bf,e131cd13028304a7e30615a2474839ee4cfa6c597a6fb649d9bc8c93df82c738,315998058,133355,153868,351450,316636731,20,2,1,78935
stage-b-windows,False,2,f3a0407bff881356c0128e7587c03ea9f143dbd5fee59abbe8fc5edb75ad30bf,e131cd13028304a7e30615a2474839ee4cfa6c597a6fb649d9bc8c93df82c738,293772119,127637,152172,337920,294389848,20,2,1,78935
stage-b-windows,False,3,f3a0407bff881356c0128e7587c03ea9f143dbd5fee59abbe8fc5edb75ad30bf,e131cd13028304a7e30615a2474839ee4cfa6c597a6fb649d9bc8c93df82c738,290855243,136184,156755,386980,291535162,20,2,1,78935
stage-b-windows,False,4,f3a0407bff881356c0128e7587c03ea9f143dbd5fee59abbe8fc5edb75ad30bf,e131cd13028304a7e30615a2474839ee4cfa6c597a6fb649d9bc8c93df82c738,292476256,159156,161491,359034,293155937,20,2,1,78935
stage-b-windows,False,5,f3a0407bff881356c0128e7587c03ea9f143dbd5fee59abbe8fc5edb75ad30bf,e131cd13028304a7e30615a2474839ee4cfa6c597a6fb649d9bc8c93df82c738,286707534,146465,155669,345809,287355477,20,2,1,78935
not-chain,True,0,eca38ca3ef5abf5e3dde9ecc8c64463b476cdbe82fa370c4fa1cae8f2ca743c5,83132c47f644c2e6225d1d75e3c7de3c146527ad0f5c3426802ca3ebcf2b060b,293546389,181183,261963,546119,294535654,29,3,1,113562
not-chain,False,1,eca38ca3ef5abf5e3dde9ecc8c64463b476cdbe82fa370c4fa1cae8f2ca743c5,83132c47f644c2e6225d1d75e3c7de3c146527ad0f5c3426802ca3ebcf2b060b,306669733,145147,252164,555328,307622372,29,3,1,113562
not-chain,False,2,eca38ca3ef5abf5e3dde9ecc8c64463b476cdbe82fa370c4fa1cae8f2ca743c5,83132c47f644c2e6225d1d75e3c7de3c146527ad0f5c3426802ca3ebcf2b060b,320089298,133007,233127,523620,320979052,29,3,1,113562
not-chain,False,3,eca38ca3ef5abf5e3dde9ecc8c64463b476cdbe82fa370c4fa1cae8f2ca743c5,83132c47f644c2e6225d1d75e3c7de3c146527ad0f5c3426802ca3ebcf2b060b,310877950,135396,239415,505317,311758078,29,3,1,113562
not-chain,False,4,eca38ca3ef5abf5e3dde9ecc8c64463b476cdbe82fa370c4fa1cae8f2ca743c5,83132c47f644c2e6225d1d75e3c7de3c146527ad0f5c3426802ca3ebcf2b060b,309120876,130639,241461,566183,310059159,29,3,1,113562
not-chain,False,5,eca38ca3ef5abf5e3dde9ecc8c64463b476cdbe82fa370c4fa1cae8f2ca743c5,83132c47f644c2e6225d1d75e3c7de3c146527ad0f5c3426802ca3ebcf2b060b,283928349,143539,264455,656751,284993094,29,3,1,113562
real-linux,True,0,31481f3f080b0b165cc0d0c70f555f127f882556b34129055e80b082225a45c9,144ac7659361447e5ce69896bc284810fcc236eaef09dbcdc62d7e3059bd41b9,356819348,3029799,99274624,96777619,555901390,4168,28,37,15265964
real-linux,False,1,31481f3f080b0b165cc0d0c70f555f127f882556b34129055e80b082225a45c9,144ac7659361447e5ce69896bc284810fcc236eaef09dbcdc62d7e3059bd41b9,309963399,1489841,93633317,81596517,486683074,4168,28,37,15265964
real-linux,False,2,31481f3f080b0b165cc0d0c70f555f127f882556b34129055e80b082225a45c9,144ac7659361447e5ce69896bc284810fcc236eaef09dbcdc62d7e3059bd41b9,332210397,1641684,95504280,86053299,515409660,4168,28,37,15265964
real-linux,False,3,31481f3f080b0b165cc0d0c70f555f127f882556b34129055e80b082225a45c9,144ac7659361447e5ce69896bc284810fcc236eaef09dbcdc62d7e3059bd41b9,320558605,1366548,91560259,85501375,498986787,4168,28,37,15265964
real-linux,False,4,31481f3f080b0b165cc0d0c70f555f127f882556b34129055e80b082225a45c9,144ac7659361447e5ce69896bc284810fcc236eaef09dbcdc62d7e3059bd41b9,312879890,1310502,96905121,88724593,499820106,4168,28,37,15265964
real-linux,False,5,31481f3f080b0b165cc0d0c70f555f127f882556b34129055e80b082225a45c9,144ac7659361447e5ce69896bc284810fcc236eaef09dbcdc62d7e3059bd41b9,321583289,1231475,96502135,88082334,507399233,4168,28,37,15265964
real-windows-98,True,0,1bd80af7a739471a7026776bfb37cbbe5953d01ad122e7cf7db0392f84da0b0a,b026bb40ca07958a6b6b3d26f988d68aa4d918ff16a1f5e37adb92dc179dace3,424420741,2904288,13135458,24958501,465418988,1179,90,20,4470164
real-windows-98,False,1,1bd80af7a739471a7026776bfb37cbbe5953d01ad122e7cf7db0392f84da0b0a,b026bb40ca07958a6b6b3d26f988d68aa4d918ff16a1f5e37adb92dc179dace3,442420583,3158512,13514009,22768350,481861454,1179,90,20,4470164
real-windows-98,False,2,1bd80af7a739471a7026776bfb37cbbe5953d01ad122e7cf7db0392f84da0b0a,b026bb40ca07958a6b6b3d26f988d68aa4d918ff16a1f5e37adb92dc179dace3,425367765,1544254,12604238,23348166,462864423,1179,90,20,4470164
real-windows-98,False,3,1bd80af7a739471a7026776bfb37cbbe5953d01ad122e7cf7db0392f84da0b0a,b026bb40ca07958a6b6b3d26f988d68aa4d918ff16a1f5e37adb92dc179dace3,448928215,2621493,13249527,24975886,489775121,1179,90,20,4470164
real-windows-98,False,4,1bd80af7a739471a7026776bfb37cbbe5953d01ad122e7cf7db0392f84da0b0a,b026bb40ca07958a6b6b3d26f988d68aa4d918ff16a1f5e37adb92dc179dace3,437652091,1524556,13358593,21269374,473804614,1179,90,20,4470164
real-windows-98,False,5,1bd80af7a739471a7026776bfb37cbbe5953d01ad122e7cf7db0392f84da0b0a,b026bb40ca07958a6b6b3d26f988d68aa4d918ff16a1f5e37adb92dc179dace3,435831924,1765776,12294823,23844201,473736724,1179,90,20,4470164
