workload,run,warmup,elapsed_ns,time_wall_seconds,peak_rss_kib,decoded,edges,slice,obligations,query_id,artifact_sha256
real_capture,0,True,2571387115,2.56,270336,98,113,19,2,0881eca4308a7491a63b324df6dcbb81904c0f4d49c615e522d3547596b9d609,4b3deb70134015ec227b3cf5edf82e1dac0b308b3f19ae62f79cbd4251109e86
real_capture,1,False,2449960616,2.44,270252,98,113,19,2,0881eca4308a7491a63b324df6dcbb81904c0f4d49c615e522d3547596b9d609,4b3deb70134015ec227b3cf5edf82e1dac0b308b3f19ae62f79cbd4251109e86
real_capture,2,False,1787571403,1.78,270160,98,113,19,2,0881eca4308a7491a63b324df6dcbb81904c0f4d49c615e522d3547596b9d609,4b3deb70134015ec227b3cf5edf82e1dac0b308b3f19ae62f79cbd4251109e86
real_capture,3,False,1868408896,1.86,270224,98,113,19,2,0881eca4308a7491a63b324df6dcbb81904c0f4d49c615e522d3547596b9d609,4b3deb70134015ec227b3cf5edf82e1dac0b308b3f19ae62f79cbd4251109e86
real_capture,4,False,1679974244,1.67,270180,98,113,19,2,0881eca4308a7491a63b324df6dcbb81904c0f4d49c615e522d3547596b9d609,4b3deb70134015ec227b3cf5edf82e1dac0b308b3f19ae62f79cbd4251109e86
real_capture,5,False,1710713444,1.70,269956,98,113,19,2,0881eca4308a7491a63b324df6dcbb81904c0f4d49c615e522d3547596b9d609,4b3deb70134015ec227b3cf5edf82e1dac0b308b3f19ae62f79cbd4251109e86
stage_b_windows,0,True,61954704,0.06,54016,4,3,2,0,e131cd13028304a7e30615a2474839ee4cfa6c597a6fb649d9bc8c93df82c738,f3a0407bff881356c0128e7587c03ea9f143dbd5fee59abbe8fc5edb75ad30bf
stage_b_windows,1,False,62178179,0.06,54016,4,3,2,0,e131cd13028304a7e30615a2474839ee4cfa6c597a6fb649d9bc8c93df82c738,f3a0407bff881356c0128e7587c03ea9f143dbd5fee59abbe8fc5edb75ad30bf
stage_b_windows,2,False,60984119,0.05,54016,4,3,2,0,e131cd13028304a7e30615a2474839ee4cfa6c597a6fb649d9bc8c93df82c738,f3a0407bff881356c0128e7587c03ea9f143dbd5fee59abbe8fc5edb75ad30bf
stage_b_windows,3,False,61117531,0.06,54016,4,3,2,0,e131cd13028304a7e30615a2474839ee4cfa6c597a6fb649d9bc8c93df82c738,f3a0407bff881356c0128e7587c03ea9f143dbd5fee59abbe8fc5edb75ad30bf
stage_b_windows,4,False,60598129,0.05,54016,4,3,2,0,e131cd13028304a7e30615a2474839ee4cfa6c597a6fb649d9bc8c93df82c738,f3a0407bff881356c0128e7587c03ea9f143dbd5fee59abbe8fc5edb75ad30bf
stage_b_windows,5,False,66521932,0.06,54016,4,3,2,0,e131cd13028304a7e30615a2474839ee4cfa6c597a6fb649d9bc8c93df82c738,f3a0407bff881356c0128e7587c03ea9f143dbd5fee59abbe8fc5edb75ad30bf
